ZONEID,TIMESTAMP,U10,V10,U100,V100
1,20131201 1:00,0.269659823904782,-6.06784540847295,0.504865894658449,-8.77231821858797
1,20131201 2:00,0.825380645517831,-5.94016437935952,1.21361989577545,-8.55193926642539
1,20131201 3:00,0.898262064745772,-5.86872380354606,1.30944632959994,-8.47435022705455
1,20131201 4:00,1.24732570420591,-5.57941480503906,1.88500761452063,-8.36350874223905
1,20131201 5:00,1.59063554741121,-4.98154331950796,2.66487808853882,-8.10726930969498
1,20131201 6:00,0.979774178355969,-2.87733969288874,1.96516431702791,-6.14211498478961
1,20131201 7:00,0.93230535925356,-1.80978442169041,2.21588001810331,-4.98936354270843
1,20131201 8:00,0.815311502071866,-2.03778625939295,2.81072712618365,-5.41512524614679
1,20131201 9:00,1.28328693079864,-1.82346453195256,3.74126809363657,-4.94567895751644
1,20131201 10:00,-0.452921089098553,-1.80775773868861,1.05993599247202,-4.58316210129634
1,20131201 11:00,-0.378121737785666,-2.10061343244876,0.746541366127765,-5.9712886964269
1,20131201 12:00,-0.355586035787553,-2.40410921196836,0.476539841892718,-6.67676214684084
1,20131201 13:00,0.114786808045408,-2.70760499148796,1.32149996907472,-7.75322856701959
1,20131201 14:00,0.461453032399363,-2.77803222580053,2.17308959796784,-7.89471446234291
1,20131201 15:00,0.558788085710363,-2.6462978306835,2.61545816669223,-7.44156839206778
1,20131201 16:00,0.214039793441354,-2.56827053511419,2.12728576796368,-6.74065900279331
1,20131201 17:00,0.254316367225215,-2.52976355807998,2.02000837663815,-6.62851350050939
1,20131201 18:00,0.0337541774564469,-2.55915046160609,1.39562985184461,-6.51702000695968
1,20131201 19:00,0.711263686463555,-2.67669807571051,1.31004901157368,-5.18496616297107
1,20131201 20:00,0.527142206308757,-1.7682374201535,1.07861913365792,-4.23107738482358
1,20131201 21:00,0.772637513181821,-1.57012915672752,1.57763980791377,-3.60123694757786
1,20131201 22:00,0.671946078722166,-1.06649843078013,1.02498043799516,-2.26005498131033
1,20131201 23:00,0.615846565237501,-1.80927775093996,0.727255542968119,-2.6643003965198
1,20131202 0:00,0.670507629658457,-3.35918357656678,0.875515308507899,-4.79571694864841
1,20131202 1:00,1.22865590264374,-2.83783874960229,1.57774674581182,-3.94794016881397
1,20131202 2:00,1.82551776372338,-3.15523347707197,2.37258007219593,-4.47664469647233
1,20131202 3:00,2.26235437294959,-3.26007426940358,3.01135973502295,-4.6794354742043
1,20131202 4:00,2.28660062323041,-3.261510444641,3.13932373913976,-4.83092501352193
1,20131202 5:00,2.65595183584165,-3.11885037105734,3.77706304420973,-4.79048756677181
1,20131202 6:00,2.4264206665165,-1.62857919969521,4.16615684534541,-3.20195980787135
1,20131202 7:00,2.29185397745792,-0.55623502242211,4.47982470909516,-1.26941197960416
1,20131202 8:00,1.38261959192698,0.263342313065191,3.15024749558876,0.406026112609996
1,20131202 9:00,1.12035598472272,2.17249792867463,1.54185440319369,4.24698000989058
1,20131202 10:00,-0.271782885567999,4.00218518114686,-0.734448369225714,7.22305538190355
1,20131202 11:00,-0.773680266381081,3.16106521709827,-1.60730852738837,6.14874709510917
1,20131202 12:00,-1.24203700097236,2.27590254576882,-2.90307411379073,5.19152634069575
1,20131202 13:00,-1.31477575181483,1.58797460704496,-3.73588049830706,4.21800989878601
1,20131202 14:00,-1.39195964854212,1.68132599747721,-2.90931626033301,3.05135938284582
1,20131202 15:00,-1.58431323410334,1.47595293852625,-2.8276481764048,2.22752184830968
1,20131202 16:00,-1.48328719126657,1.51520839501571,-2.58680535564836,1.77486386230081
1,20131202 17:00,-0.917945455551991,1.64685779177915,-2.04269824871264,1.76460361461795
1,20131202 18:00,0.34851701744978,1.45153795949012,-0.71520175072034,1.39282052210933
1,20131202 19:00,0.376400205272729,1.46685716202259,0.107201056225519,0.940766080081806
1,20131202 20:00,-0.33684365715488,0.633875524319379,0.139452146693984,0.577432603312021
1,20131202 21:00,-0.461307741929783,0.0345117252363766,-0.38280744734374,-0.0894834960743777
1,20131202 22:00,-0.0604364039534722,-0.972247116194577,-0.0915072753705077,-1.43417948651139
1,20131202 23:00,1.50910419755862,-0.999534445705545,1.93979124526427,-1.45409643789578
1,20131203 0:00,2.50400866741514,-1.44091896867242,3.28757471951899,-2.02444550026695
1,20131203 1:00,1.58068644639008,-2.54304775677933,2.21851136385981,-3.62634042150751
1,20131203 2:00,2.32397794497218,-2.34360929202188,3.21092082460445,-3.28111438414474
1,20131203 3:00,2.99186952563089,-2.02911017451975,4.08346060329287,-2.83817073471654
1,20131203 4:00,3.61380731015877,-2.04700849828004,5.01063865566273,-2.87481483924107
1,20131203 5:00,3.60265347614643,-2.0976351854877,4.99725785394482,-3.04967793451607
1,20131203 6:00,3.62228422400814,-2.05467920846302,5.25874102084889,-3.04324914424861
1,20131203 7:00,2.23742419303645,-2.12371560010982,3.29399330193645,-3.21168344925614
1,20131203 8:00,1.00961014495845,-1.05492998128146,1.84775164959285,-2.10207424909202
1,20131203 9:00,0.648225922958753,-1.52233192176429,1.37496332222686,-3.02846292663344
1,20131203 10:00,0.455933824586072,-0.0787042653277045,1.19989783308426,-1.78320625182585
1,20131203 11:00,0.44522614393423,1.45543777126803,1.88231872069743,1.02103206284154
1,20131203 12:00,-0.730834114326526,1.53572453784988,-1.35918049546514,3.56490437167667
1,20131203 13:00,1.55704031828393,2.53547376503143,2.59763407920046,5.39775247693038
1,20131203 14:00,0.722287380800667,1.91926004699881,0.893811993787176,3.54754663795452
1,20131203 15:00,0.671425897704412,-0.12114886167352,1.20770330075304,0.322222560768301
1,20131203 16:00,0.85033339526229,-1.1469785034772,2.51344653505864,-1.34026260239764
1,20131203 17:00,1.36340975982977,-1.60568697241933,4.28417262906145,-2.69673734883235
1,20131203 18:00,2.34807022643883,-2.15081877608968,5.23922735167694,-3.94649417682717
1,20131203 19:00,3.20022314498133,-1.59085693273224,5.9166304386459,-2.67037930873575
1,20131203 20:00,3.13865398123323,-0.977200118093942,5.85864696453498,-1.35312018293257
1,20131203 21:00,3.19665391809738,-0.850889090414226,5.54029539032981,-1.23675907909149
1,20131203 22:00,4.46685253542226,-0.0510897086689812,7.20843533782868,0.230933738970326
1,20131203 23:00,4.72472917778748,0.360571737817542,7.13372586157038,0.747165597447609
1,20131204 0:00,5.87223562097665,0.294603630243925,8.32127201403448,0.500942930203774
1,20131204 1:00,4.40431474476956,1.46296084085596,6.06044184450879,1.95532172729591
1,20131204 2:00,4.64013412223477,1.69823936755899,6.40582732672024,2.30989447648945
1,20131204 3:00,4.63975376840015,2.11971681431947,6.37972531996742,3.02032933032815
1,20131204 4:00,4.83563599323012,2.65503870948465,6.61371116621594,3.7262514400862
1,20131204 5:00,5.13079056889626,2.7238513538537,7.11803922526154,3.85776569615071
1,20131204 6:00,4.58612387771854,2.56801095337084,6.42214108094076,3.58248830723136
1,20131204 7:00,4.12855821466911,2.52449707531393,5.82412546194306,3.5360715109733
1,20131204 8:00,4.39670766807713,2.97683901697524,6.40955618482779,4.49212857834425
1,20131204 9:00,3.1198598452534,2.12730644421312,4.9431827340353,3.5057716578604
1,20131204 10:00,3.33285799264133,1.70532302212639,5.83577814352914,3.16989456271524
1,20131204 11:00,2.71250088837397,0.894750549484984,4.95203877204072,1.89601137652172
1,20131204 12:00,2.33785236127198,0.646822639625876,5.47734165794127,2.02172353305397
1,20131204 13:00,2.77297714807876,0.668579578654329,5.89171101514233,1.75676098774753
1,20131204 14:00,2.89354931365372,0.512233202845218,6.34942834784361,1.52983442826366
1,20131204 15:00,3.17425044360424,0.326540258114009,6.51676085541974,1.08629615290883
1,20131204 16:00,3.4876620033322,0.197516549922025,7.07003017712689,0.845831361183026
1,20131204 17:00,3.89958520622708,0.185879117418434,7.60092635018876,0.851633460715284
1,20131204 18:00,4.22136455031671,-0.0286544209086301,7.91554875301296,0.354586934118518
1,20131204 19:00,4.95392603579735,0.207130081120643,8.66178648178561,0.704002261505609
1,20131204 20:00,6.1596476915469,1.09157495139354,9.80514759901193,1.47310278839269
1,20131204 21:00,6.00940792687148,3.15899013442275,9.43971950447241,5.1380956596023
1,20131204 22:00,4.7120209969782,3.60981415010533,7.11058150904645,5.69187382607004
1,20131204 23:00,4.92882268271234,3.76666650124068,7.17490431140162,5.49460244197327
1,20131205 0:00,3.96158288127035,2.44101114648382,5.86514290112606,3.90547184786039
1,20131205 1:00,3.86751464431446,2.4704991238871,6.44182434570707,4.74880100001279
1,20131205 2:00,5.50873366336934,3.73825001713339,8.10593423711974,5.41228659004948
1,20131205 3:00,3.65432355327244,3.51684599883345,5.19779151319091,5.09128850094266
1,20131205 4:00,4.18201555134752,4.09004822890325,5.91915777371243,5.89244063547078
1,20131205 5:00,4.97179163861682,5.26572485492385,7.07247987885762,7.55115461056253
1,20131205 6:00,4.75551720534899,5.7548361357355,6.80520719999673,8.38185468634734
1,20131205 7:00,4.67094553286951,5.63987635700284,6.6286452485068,8.30664174496666
1,20131205 8:00,3.60895437480689,4.75585694739658,5.2615050002729,7.10323468287581
1,20131205 9:00,3.11914343836324,4.08898378650758,4.89542242195435,6.59823350503411
1,20131205 10:00,2.1589025737525,2.41089034972942,4.06282753144223,4.82468548551294
1,20131205 11:00,2.14040252039761,1.76158048836902,4.11844184643753,3.63403776169202
1,20131205 12:00,2.35843886350877,1.72698611050966,4.19241428482933,3.23245437824875
1,20131205 13:00,2.07961663080299,1.20913488501484,3.86574767733269,2.44204694963216
1,20131205 14:00,1.58760330705519,0.585371641150588,3.7172628557433,1.76110121248923
1,20131205 15:00,1.44709099705022,0.26763558604226,3.81283308636629,1.30915202008569
1,20131205 16:00,1.55236511018874,0.0558115493033746,3.82903143053967,0.896823930730897
1,20131205 17:00,1.60257954072343,-0.0756470865622152,4.06336747624801,0.687973709575621
1,20131205 18:00,1.83206829781618,-0.223072358362897,4.18755478157732,0.539562459172675
1,20131205 19:00,1.70653222147946,-0.421058643958036,4.18485505754842,0.17760017877816
1,20131205 20:00,1.63781773758988,-0.538147307482043,4.06606720027691,-0.0433378365275829
1,20131205 21:00,2.04041413678906,-0.204976837636459,3.04665140696506,0.0271742960168031
1,20131205 22:00,3.38475134724411,2.34276603640637,4.65028748013042,3.1995487163947
1,20131205 23:00,3.50896599119834,2.62963326204018,4.82684943162034,3.68373202653282
1,20131206 0:00,3.24335808231748,2.58066891183923,4.44780817796307,3.59643129100168
1,20131206 1:00,2.75626063585889,1.63776828542982,3.73823185593384,2.21662013878865
1,20131206 2:00,2.68870515692246,2.0442218134383,3.63438903130502,2.76699413197518
1,20131206 3:00,2.80534771048177,2.14882708346011,3.80290044133143,2.9225346083105
1,20131206 4:00,2.69210723140127,2.01452455457617,3.67542871049964,2.719135523872
1,20131206 5:00,2.79708552960465,1.91612468192854,3.78362422837638,2.58467562491546
1,20131206 6:00,2.82624616799448,1.86337880424805,3.87129990665581,2.58866384225739
1,20131206 7:00,2.71203366763432,1.6630331175961,3.72082108294218,2.33854564038484
1,20131206 8:00,2.44181175188858,1.68874119243197,3.44535778168129,2.46275012331927
1,20131206 9:00,1.56456254699459,1.46667661497042,2.73400334230778,2.69178774781304
1,20131206 10:00,0.430213713630291,1.3620713449486,1.10671788090878,2.8809431988875
1,20131206 11:00,-0.103911979543389,1.47554146836209,-0.00694977723627765,3.04673909124493
1,20131206 12:00,-0.69344288565774,1.81639508127215,-0.80660170821034,2.59948900361406
1,20131206 13:00,-0.947140439649242,1.09302304451115,-1.21078036694529,1.64972353089984
1,20131206 14:00,-1.15466698285685,0.156008041010687,-1.46323657532434,0.627600400696294
1,20131206 15:00,-1.0837094294416,-0.5704666944374,-1.48624366820618,-0.300514749304585
1,20131206 16:00,-0.936934216212803,-1.07044442572809,-1.22694751329468,-1.10499516170559
1,20131206 17:00,-0.650187938712829,-1.45562230559654,-0.337132650756671,-1.77900389249199
1,20131206 18:00,-1.13182448278482,-1.9564865222264,0.0253845154625179,-2.49118556069401
1,20131206 19:00,-1.18771570636532,-2.19761053448007,0.161561632790137,-2.98458502042438
1,20131206 20:00,-0.590894640653513,-1.34658460887889,0.313284083146026,-3.27743412238905
1,20131206 21:00,0.147355521248961,-1.51767627933829,0.710622795348534,-3.25692329034483
1,20131206 22:00,1.74001238797339,-2.49148042441422,2.31676660382909,-3.47798448015474
1,20131206 23:00,1.92421042046914,-2.27296178830934,2.59285171841112,-3.08087198196529
1,20131207 0:00,2.2299111129225,-2.00302700253271,2.97029240433745,-2.70484006115462
1,20131207 1:00,2.60512993157564,-1.55022463262188,3.44588576606968,-2.11936920716918
1,20131207 2:00,2.82548354152372,-1.40060891372089,3.73671467146734,-1.93565266644569
1,20131207 3:00,2.92219429255649,-1.21239805714162,3.86937347042066,-1.70065129633296
1,20131207 4:00,2.57166882784278,-1.09375374501951,3.40047563873566,-1.53511165716515
1,20131207 5:00,2.21012568263167,-1.36058432649897,2.9101483087582,-1.88891206244537
1,20131207 6:00,2.13381804363113,-1.69936386834165,2.86575863372382,-2.33294780044843
1,20131207 7:00,1.8196101183348,-1.93855842531074,2.5336014101907,-2.68609903067309
1,20131207 8:00,0.490551400555358,-1.72223506103989,1.11721361828911,-2.83476011839634
1,20131207 9:00,-0.837283130502147,-1.2900648156794,-0.950732966933205,-3.58196060734594
1,20131207 10:00,-1.52854056615409,-1.90091625399489,-2.12833492071882,-4.90368102046616
1,20131207 11:00,-1.45427323835677,-1.95904720210291,-2.53498516212573,-5.79240167152785
1,20131207 12:00,-1.30818695620601,-2.15488178958159,-2.41814337381684,-6.66294542103385
1,20131207 13:00,-1.28696771969249,-2.54035668318317,-2.72785064675786,-7.69773045959654
1,20131207 14:00,-0.966230798545839,-3.48045799971707,-1.78036068654127,-9.32196644860774
1,20131207 15:00,-0.359034184466684,-4.25283723646388,-0.380810357583753,-10.0587801366684
1,20131207 16:00,-0.0244231471381182,-4.78221005079189,0.22380762995349,-10.5586449294496
1,20131207 17:00,0.0274007574237451,-4.89990139655158,0.351874393558425,-10.5690317303386
1,20131207 18:00,-0.0280957073039199,-5.10717158037938,0.280952958733381,-10.77352187284
1,20131207 19:00,-0.0227908981755398,-5.35589580097274,0.11206810314281,-11.0189100438417
1,20131207 20:00,0.415467948276753,-5.13861947033946,0.908531123012545,-10.4781472225602
1,20131207 21:00,0.386903591431631,-5.42498586224867,0.941695822750874,-10.4826914479491
1,20131207 22:00,0.910447446178644,-5.81331965493754,1.80142688519835,-10.708604367284
1,20131207 23:00,0.353850549939419,-5.96388834020095,1.29324163997717,-10.5404680278939
1,20131208 0:00,0.660305292663509,-6.50279081815322,1.11670339213929,-9.88480122177829
1,20131208 1:00,1.21891278118805,-6.71804519581023,1.79883579422495,-10.5584683788128
1,20131208 2:00,2.84976609576553,-5.98923204252692,4.42039518176017,-8.88058586551944
1,20131208 3:00,5.66758633403549,-5.12473076170208,8.74938714941001,-7.90008771639451
1,20131208 4:00,5.20162824415621,-4.49257838155037,7.86456586956139,-6.7641658771608
1,20131208 5:00,4.93513291555859,-4.1513159336867,7.9740759989093,-6.58620864090241
1,20131208 6:00,3.39011398595887,-2.30296227657405,5.63477511377786,-4.26525338749355
1,20131208 7:00,4.23496957523999,1.45410129505266,6.4841212813025,2.08978440992843
1,20131208 8:00,3.54257220308604,0.599129949606986,5.96073484150826,0.522258494444674
1,20131208 9:00,2.34865678156202,-0.656098681763891,4.85535090677582,-1.39367071150598
1,20131208 10:00,1.17844799969853,-0.998268742520811,3.40601262211965,-2.17252251175372
1,20131208 11:00,1.38853787531077,-0.764558422507795,2.59265569898164,-0.821087526012285
1,20131208 12:00,1.2434368911817,0.70758969035089,1.88109692425155,1.63853570370181
1,20131208 13:00,0.735379079146658,1.31205987725834,1.16388269683212,3.10668290283348
1,20131208 14:00,0.420653000894864,1.01027859025124,0.6158179180299,2.46303237948335
1,20131208 15:00,0.33890596758271,1.21585291057337,0.408108564712734,2.29374189174405
1,20131208 16:00,0.0997958951446583,0.954914203762723,0.0939738744236536,2.22036342094919
1,20131208 17:00,0.709220028486769,0.224285824692906,0.895505760120341,0.705415779814505
1,20131208 18:00,0.824483345456906,1.25941832944958,1.34485718289065,1.86444894843242
1,20131208 19:00,0.99574338024587,1.44774800479988,1.36182354095863,2.55547769702018
1,20131208 20:00,1.54671838476979,0.554203111390892,2.29497323469788,1.33462172229951
1,20131208 21:00,1.95872343266305,1.26077974878947,2.93661004890536,2.0418284014562
1,20131208 22:00,2.26568354275019,1.52534890717313,3.47901937501826,2.47747696034848
1,20131208 23:00,2.06417710563573,0.916794462246036,3.19110541992516,1.45942290097422
1,20131209 0:00,2.00123188998537,0.434852015927934,2.79882265611081,0.597370314943343
1,20131209 1:00,4.27499607458379,-0.361655352191414,6.04699305368361,-0.510859875972032
1,20131209 2:00,4.52038002702497,-0.0319055010626916,6.22878404218307,-0.0856180827133373
1,20131209 3:00,5.29075209540326,-0.0351114023931098,7.26540119570524,-0.0975463237584617
1,20131209 4:00,5.64881235253683,-0.13770024496649,7.78881626090732,-0.207882553425865
1,20131209 5:00,5.55366347301882,-0.174339117314126,7.77196484905203,-0.315833134884244
1,20131209 6:00,5.85622021710022,-0.169759258270671,8.24584697637645,-0.36235327496023
1,20131209 7:00,6.14500541283032,-0.0135860648888737,8.91428631330281,-0.113053037117124
1,20131209 8:00,6.54563227395879,0.263953393144468,9.82426255348828,0.40105415192775
1,20131209 9:00,5.22439827152886,-0.50592091206023,8.60687570915486,-0.687994255492134
1,20131209 10:00,4.9331091579167,-1.21396712017829,8.40619071342372,-1.88380042026588
1,20131209 11:00,4.84422007310382,-1.97010184825263,8.48431998657096,-3.16012221209423
1,20131209 12:00,5.60916698607099,-2.14688440732997,9.24978260387624,-3.4684672431107
1,20131209 13:00,6.54730155254683,-1.5908895194546,10.6336409713861,-2.635876018161
1,20131209 14:00,7.0948249294224,-0.689573259702754,11.6288955685362,-0.916420071506272
1,20131209 15:00,5.9784948736738,-0.784376341902262,10.3093789553829,-0.929541136655909
1,20131209 16:00,5.53112821208034,-0.901162747510351,9.60468355052546,-1.16631672140163
1,20131209 17:00,6.15209984682947,-0.0259516843062009,10.4799356693122,0.0628885182984651
1,20131209 18:00,5.97306971826269,0.446231783073956,9.93303075728149,1.10720602179913
1,20131209 19:00,5.19518589623824,0.339521067361466,9.24620806196754,1.02907604295357
1,20131209 20:00,5.32789354398705,0.397685277213338,8.97147898384197,0.977188194407272
1,20131209 21:00,5.06331288778345,0.0798430595975976,7.69843141550169,0.334852414127308
1,20131209 22:00,6.56858485454428,1.15839986433113,9.60927939012235,1.61773473853047
1,20131209 23:00,7.31350042445503,2.00613177327455,10.5738950566265,3.02646000595969
1,20131210 0:00,7.02304595013688,1.91361862059677,10.0846934639791,2.81115525509519
1,20131210 1:00,6.74700795570741,1.2247868210135,9.67324721345518,1.85409890969247
1,20131210 2:00,6.60432796103688,0.976925093325844,9.4864621309905,1.49123371310482
1,20131210 3:00,6.68881520863635,0.53909634806735,9.46356925180262,0.82022108766893
1,20131210 4:00,6.00429608012636,-0.514768297027993,8.68052872503562,-0.661766453315237
1,20131210 5:00,6.47587286009483,-0.739110298730692,9.28042621829965,-1.01656797886761
1,20131210 6:00,6.57717134573705,-0.979282885230961,9.58687862379185,-1.4122638360989
1,20131210 7:00,6.60648324796544,-1.07064797463408,9.91050068867495,-1.54819429069364
1,20131210 8:00,6.31810585692439,-1.09778612000134,9.65295579781139,-1.63459076607165
1,20131210 9:00,5.50944220132947,-1.24207059287062,8.86627322208268,-1.87304503811497
1,20131210 10:00,4.47490447562168,-1.4890277157127,7.9375507368474,-2.38048033683516
1,20131210 11:00,4.39472780187933,-1.54827933309789,7.86314887948681,-2.47090864773081
1,20131210 12:00,4.27360067649437,-1.45781884854035,7.64410564907558,-2.31309108604031
1,20131210 13:00,4.48956042673587,-1.60255562383241,7.8048760960995,-2.54002582803322
1,20131210 14:00,4.47145601653599,-1.56230070820431,7.63213891677283,-2.40812720895612
1,20131210 15:00,5.04303810998954,-1.60888785775144,8.58531515932243,-2.49164380182153
1,20131210 16:00,4.98613853507561,-1.75272002819793,8.89124727210581,-2.73585783889005
1,20131210 17:00,4.66456972533477,-1.426609981368,8.83921800122428,-2.2698928483513
1,20131210 18:00,4.92104886983316,-0.937671062334493,8.81424395120115,-1.32701931372593
1,20131210 19:00,4.5201655011214,-0.938575667180068,8.18208830999058,-1.17611347006567
1,20131210 20:00,4.48223245117878,-1.42344386440848,7.99582352023471,-2.02798271729287
1,20131210 21:00,6.00515819489779,-1.11497361206727,9.95732703246833,-1.61788744749857
1,20131210 22:00,6.0689546879831,-0.25559900877064,9.09676289208785,-0.368018437029996
1,20131210 23:00,6.03274586758333,-0.219414814947624,8.87928053980306,-0.363410625009835
1,20131211 0:00,5.55082371035778,0.180872829219491,8.00310761815812,0.297810399883217
1,20131211 1:00,6.3894724696795,1.09155276979598,9.17758000192966,1.68187228393415
1,20131211 2:00,6.58799262450866,1.92925095239101,9.34272699276185,2.82036097802482
1,20131211 3:00,6.25977793967087,1.45214376021302,8.76733012845027,2.17271504904152
1,20131211 4:00,6.33258192430762,1.59683708266126,9.01386079487988,2.34639787361797
1,20131211 5:00,6.19652201859305,2.08536743187463,8.74638929964158,2.99493220579604
1,20131211 6:00,5.3395833141802,2.08422511617109,7.55752133682079,2.94029540931802
1,20131211 7:00,4.60000622434571,1.99131677228328,6.51238360809603,2.80348131732429
1,20131211 8:00,4.03030509866363,2.00921305163872,5.92128112217793,2.93540919174682
1,20131211 9:00,2.93824532911244,1.70193012738682,5.17692984361439,3.01136766489918
1,20131211 10:00,1.65960048418073,1.15666476489769,4.24696667333744,3.07933050929866
1,20131211 11:00,1.59753807104776,1.44148214698,3.25941622383658,3.16284040960652
1,20131211 12:00,1.95519261852555,1.02110996807777,2.66260260278884,2.11763405096612
1,20131211 13:00,2.11631619108228,-0.232771902506521,3.07428026005064,0.702851963303704
1,20131211 14:00,2.2014530911493,-0.454000377091844,4.29598724986688,0.00767646340050643
1,20131211 15:00,1.93967701524231,-1.04914685863549,4.94467701500889,-1.24186263003572
1,20131211 16:00,1.81833704084773,-1.10397801240535,5.08174425812033,-2.20622429795255
1,20131211 17:00,1.96672986199258,-0.939484551095781,5.4938978433096,-2.06141457720594
1,20131211 18:00,2.14655172568552,-1.09902797769002,5.8175288339894,-2.26663571519654
1,20131211 19:00,2.45328326751575,-1.15995148187875,6.21112123000733,-2.41677585511173
1,20131211 20:00,3.37069304113508,-1.16375920089054,6.54760227472883,-1.79089580440016
1,20131211 21:00,4.06014279728525,-0.96651935607953,6.11450786073086,-1.27917556421583
1,20131211 22:00,5.4983198708472,-0.00887802461294052,7.85878371490948,0.00634385860835973
1,20131211 23:00,4.83472945350243,-0.144432821432863,6.72797895924007,-0.183774425071237
1,20131212 0:00,4.53754597523112,-0.220206429767596,6.23206205881603,-0.300599445182764
1,20131212 1:00,4.13520520519232,-0.0620168581105395,5.57518921013694,-0.145246611869281
1,20131212 2:00,3.96175795240444,-0.00941260928096843,5.3196384932636,-0.0614228824660126
1,20131212 3:00,4.13793358894404,-0.0543983117283257,5.56983481416436,-0.117305368734858
1,20131212 4:00,4.39946866000171,0.0551636410063671,5.96313953651418,0.0197813553934035
1,20131212 5:00,4.55966376313838,0.382398347518595,6.24302841689926,0.450251132433104
1,20131212 6:00,4.55342745742017,0.806497429461827,6.28294300505853,1.02261003476479
1,20131212 7:00,4.81262391383351,1.1681969886555,6.79161062245403,1.63382472833029
1,20131212 8:00,4.27006531634874,1.68226747549344,6.36763981407941,2.43538914074904
1,20131212 9:00,3.44960134529597,1.84806155628733,5.48562476841371,2.89336357899919
1,20131212 10:00,2.21130489112275,1.18597359688066,4.92584700764354,2.70126753245004
1,20131212 11:00,1.99654211295169,0.684237899423444,4.97890420409915,1.91192741390259
1,20131212 12:00,1.90611568003756,0.296054821853506,4.97549686120751,1.14747246502175
1,20131212 13:00,1.9318404411252,-0.166862567846719,4.96089396310046,0.214933475410387
1,20131212 14:00,1.83556747160024,-0.659528567229874,4.77933126330283,-0.676130231423313
1,20131212 15:00,1.56935517125391,-0.978056363591001,4.55152605283288,-1.50694563274841
1,20131212 16:00,1.59469016323416,-1.03247455203538,4.80707676970622,-1.87891343197542
1,20131212 17:00,1.93690743952125,-1.15038062699822,5.03098787401429,-1.99897346106864
1,20131212 18:00,2.16609167466568,-1.29984925125879,4.93704256285895,-2.05791202080531
1,20131212 19:00,2.18519036092772,-1.30420270633434,5.13418168730409,-1.89724987278238
1,20131212 20:00,3.43284127367827,-1.25450076088847,4.97939096736939,-1.59513518139144
1,20131212 21:00,4.28370723510733,-0.992567880509503,6.45087633328958,-1.51480410737997
1,20131212 22:00,4.96268502017808,-0.759295246044578,7.06030394762371,-1.09524887843965
1,20131212 23:00,4.823147679733,-0.299280159728053,6.86803245588091,-0.466134325991167
1,20131213 0:00,5.15250257547627,0.360993860063804,7.25354896590698,0.552411302643337
1,20131213 1:00,4.9403802669918,0.582305242291553,6.885745261922,0.841406202541122
1,20131213 2:00,5.07885912505092,1.40614240684286,7.12297328269777,2.01843211029199
1,20131213 3:00,4.72686181830903,1.70746665144768,6.63469813313989,2.45532139479853
1,20131213 4:00,4.82220197451203,1.58055511641557,6.748014818792,2.27950009737516
1,20131213 5:00,4.6474721064898,2.32643233801858,6.45504972905727,3.27315682372237
1,20131213 6:00,4.40495284983653,3.13612793152345,6.17267928879408,4.57405682738515
1,20131213 7:00,3.4515512878065,3.13322709643701,4.95890096890256,4.56340099117767
1,20131213 8:00,2.79577051757367,2.85438432375216,4.00446124259696,4.18245484676038
1,20131213 9:00,2.08525072229654,3.30365115776584,3.24118584371262,5.2231748496906
1,20131213 10:00,1.64842605224095,3.02988484648229,2.63038126983172,4.93546727208873
1,20131213 11:00,1.58933690600107,2.84169317024895,2.62162916809436,4.91326761332315
1,20131213 12:00,1.05680956964285,2.23288040648062,2.0886722359826,4.87153225484387
1,20131213 13:00,0.826253146277411,2.02256986271312,1.67455963272549,4.76275392689255
1,20131213 14:00,0.726925378978464,2.39859061079398,1.23787581972467,4.67706324405742
1,20131213 15:00,0.26001237065349,2.60745073701826,0.368653926124938,4.65974751022027
1,20131213 16:00,0.1229835529929,2.44971782919263,0.151233293491617,4.83201686224114
1,20131213 17:00,0.0715071188452705,1.87027602067459,0.0618697283838545,4.37026395991715
1,20131213 18:00,0.191860471922826,1.74626532072892,0.177489598703692,4.0061895561617
1,20131213 19:00,0.154521931660813,1.75315480405924,-0.00123753151183381,3.38504310390087
1,20131213 20:00,0.322726617889686,1.10445555785224,0.40274105920728,3.20877781330219
1,20131213 21:00,0.201648244612868,2.44899262042102,0.255337240472826,3.42811044190609
1,20131213 22:00,0.0769447703397383,2.92219134389789,0.0729250147889384,3.95513034100087
1,20131213 23:00,0.422054385188632,2.70281569048524,0.518821566460663,3.59593986217385
1,20131214 0:00,0.875192009727621,2.688311515053,1.11488575846811,3.55331651734394
1,20131214 1:00,0.453409543582481,2.93542006364567,0.554202742395637,3.86755270317124
1,20131214 2:00,0.606148798517063,3.14408623009641,0.750385014153287,4.14143136316269
1,20131214 3:00,0.645479156662718,3.1509957058067,0.798660232858048,4.14710082586952
1,20131214 4:00,0.558417781350006,3.03146177601869,0.682080715347613,3.97178359447372
1,20131214 5:00,0.582856062139539,3.13579485924407,0.703136927761392,4.12616742510584
1,20131214 6:00,0.584383454688885,3.26672942395405,0.707245457012861,4.33768199532217
1,20131214 7:00,0.542380159581875,3.26880226666714,0.638941158207187,4.39045160974727
1,20131214 8:00,0.493121749865473,3.62947689874426,0.602991527256833,5.11614283622143
1,20131214 9:00,0.249120790107479,3.30818627821579,0.316935178123298,5.97223170495267
1,20131214 10:00,-0.131581802816966,3.14443170388193,-0.425167917923305,6.64558942951764
1,20131214 11:00,-0.479063607793139,2.62311176154057,-1.23762957740132,6.02020408170277
1,20131214 12:00,-0.564597590556504,2.06724444064777,-1.58736812993262,5.20598201449888
1,20131214 13:00,-0.662350713714636,1.9152359750214,-1.75633139539929,4.59411615467722
1,20131214 14:00,-0.8945143812152,2.14877625402919,-1.83644771580293,4.0542088599807
1,20131214 15:00,-0.911315699258004,2.32634977978363,-1.68135073655998,3.81696365132568
1,20131214 16:00,-1.03923482526572,2.07968149692629,-1.67775577346494,3.3490149217543
1,20131214 17:00,-1.06901897997796,1.92836397887095,-1.65361816411256,3.05420286099918
1,20131214 18:00,-0.721919023139123,2.21130700920731,-1.31363736855349,3.41530402417262
1,20131214 19:00,-0.594763593406084,2.39509906310101,-0.986495726905268,3.97134748195781
1,20131214 20:00,-0.317923693837155,1.46301078978294,-0.792367719773354,4.05159218488524
1,20131214 21:00,-0.255300599313977,1.86583322369283,-0.429276447174774,2.75546578760086
1,20131214 22:00,-0.218261329992341,1.96187493606585,-0.334780274390985,2.61590978250967
1,20131214 23:00,0.0116112486842045,1.8364679519241,-0.0353712051901758,2.39436462442742
1,20131215 0:00,0.320908239926732,1.79570204523339,0.3765088522696,2.31499214653181
1,20131215 1:00,0.712637819957222,2.08026887703533,0.903749773933216,2.66711283643277
1,20131215 2:00,0.754104294915966,2.23663650600185,0.926725751373225,2.86692146035947
1,20131215 3:00,0.816098727775079,2.55325667397134,1.02039704401326,3.29501717874954
1,20131215 4:00,0.61164026708741,2.51149389107966,0.724654975426479,3.23897889801608
1,20131215 5:00,0.505716004321509,2.58206975674157,0.573249175373086,3.34370617676387
1,20131215 6:00,0.616156417825491,2.84883357924347,0.702268125613136,3.74056744359758
1,20131215 7:00,0.809119222088953,3.486930052728,1.01450576774659,4.85030913418817
1,20131215 8:00,0.670350226682463,3.92462991683306,0.893734604279878,5.90171589319555
1,20131215 9:00,0.0754500067297887,3.47786526264298,0.0294843759595391,5.84889292365171
1,20131215 10:00,-0.313760075061195,2.63904843727596,-0.795294301374118,5.51312256942087
1,20131215 11:00,-0.525608600592996,2.37552203980442,-1.35201990857434,5.42584983713105
1,20131215 12:00,-0.713644694960371,2.18839887304945,-1.85395664649453,5.2324718355836
1,20131215 13:00,-0.993235481563387,1.93587972068114,-2.56621194713481,4.89762014169265
1,20131215 14:00,-1.23464426647172,1.59983500252948,-3.21189582596173,4.13237607856189
1,20131215 15:00,-1.41693253262699,1.3939347705984,-3.73680854132194,3.6487014096083
1,20131215 16:00,-1.71499848134034,1.45058970862975,-4.16098043252211,3.41214637208589
1,20131215 17:00,-1.86854760643509,1.49202874901839,-4.01193114297538,3.08969659278349
1,20131215 18:00,-1.62631770321075,0.947817601414392,-4.31827750884217,2.50956258814114
1,20131215 19:00,-1.63206553142285,0.792421199956974,-4.4796984785489,2.03507452258648
1,20131215 20:00,-1.74579041819089,0.953321223966009,-4.07084390564207,1.95239509199612
1,20131215 21:00,-2.37476704825818,1.35346695771886,-3.34739518009512,1.84445250205871
1,20131215 22:00,-2.10585079976335,1.06371741750138,-2.84310193166825,1.41911276468831
1,20131215 23:00,-1.61687484257658,0.662924198742459,-2.15146609796132,0.791208422371537
1,20131216 0:00,-0.997341073143461,0.871090628194792,-1.29723103929431,1.06542853382956
1,20131216 1:00,-0.79187497958331,1.62610332859581,-1.06601203400211,2.03250925094851
1,20131216 2:00,-0.58607474283386,1.94034152663764,-0.799100857416372,2.44227561852017
1,20131216 3:00,-0.422249603876872,2.38994886577807,-0.598332143449471,3.04232429930902
1,20131216 4:00,-0.361528345905252,2.69574678164109,-0.523409707916634,3.4690465165733
1,20131216 5:00,-0.441810814498602,2.61913498955651,-0.632866703577889,3.39086120965732
1,20131216 6:00,-0.255571788370881,2.71944449698929,-0.400490087120573,3.55241277756201
1,20131216 7:00,-0.157358210040946,3.18398464306146,-0.269961156465707,4.29423120161416
1,20131216 8:00,-0.388017485288845,3.1151638806804,-0.649841317878297,4.64276811196247
1,20131216 9:00,-0.5469523215904,2.7467131009516,-1.30014464504222,5.58146279077892
1,20131216 10:00,-0.721780641522112,2.38637797716396,-2.0534663210638,5.83627153199303
1,20131216 11:00,-0.857894065431649,2.05136369991275,-2.33793744347754,5.10716999521035
1,20131216 12:00,-1.19817762520549,1.48943568254662,-3.17905884863916,3.85856006367877
1,20131216 13:00,-1.71980990845162,1.02749254637562,-3.93530718229874,2.29296994206015
1,20131216 14:00,-2.0474601863656,0.933350937458131,-4.09393202627842,1.59071516729079
1,20131216 15:00,-1.8811898960809,1.20441384589298,-4.0605681292052,1.99859755156327
1,20131216 16:00,-1.8840425726299,1.13072368994722,-4.18407308152886,2.21242965602021
1,20131216 17:00,-2.21739820364188,0.597038155256335,-4.39888975215817,1.19554967028777
1,20131216 18:00,-2.40771248198246,-0.129475364596579,-4.37606182258176,-0.18729407131038
1,20131216 19:00,-2.35880945542814,-0.341456297779757,-4.03598420504599,-0.837268309527496
1,20131216 20:00,-1.43087452655982,-0.00838977795442658,-3.58410826573856,-0.408662108964035
1,20131216 21:00,-1.45084326240284,0.542176321094073,-3.08833246186112,0.584668085528645
1,20131216 22:00,-1.70717662659176,0.829470541411244,-2.41929852581398,1.08109768486259
1,20131216 23:00,-2.01974847131815,0.973279964688653,-2.76464412709815,1.18000680806954
1,20131217 0:00,-1.71777228234519,1.79393509345906,-2.33676678042234,2.26329720509807
1,20131217 1:00,-1.70963934882267,2.05916624246901,-2.31779902278918,2.62859294945435
1,20131217 2:00,-1.53204037010858,1.97795096171791,-2.07824651476771,2.50074412765132
1,20131217 3:00,-1.19088056724788,2.28160809516659,-1.61526091982527,2.92269785228519
1,20131217 4:00,-1.10632517113216,2.40723173140228,-1.50332049551617,3.10578999215126
1,20131217 5:00,-1.08216648652767,2.61287042256515,-1.49615630836039,3.39673813394994
1,20131217 6:00,-1.23201562481769,2.88452153404296,-1.73167896110674,3.8202702390999
1,20131217 7:00,-1.4722965960191,2.97373832028678,-2.13242568013331,4.06281471173858
1,20131217 8:00,-1.40798225997742,2.77010000549708,-2.44541110650155,4.48003329482419
1,20131217 9:00,-1.30775636573987,2.59606726103044,-3.02884459800057,5.43390125337933
1,20131217 10:00,-1.34268851780312,2.10877557652387,-3.65212888055363,5.19609192228891
1,20131217 11:00,-1.59896645583723,1.70549969969083,-4.38466701723238,4.32903489211855
1,20131217 12:00,-1.88658539011501,1.49185950303524,-5.11854843900283,3.80501256077773
1,20131217 13:00,-2.15592207658399,1.00936872182429,-6.03198230136507,2.5865028023587
1,20131217 14:00,-2.19248657220159,0.634498189490414,-6.17660932957243,1.42271023516402
1,20131217 15:00,-2.18758954153852,0.552482758190046,-6.1282510662709,1.040742150271
1,20131217 16:00,-2.18236604216458,0.399253928004479,-6.08974356030857,0.704020973505815
1,20131217 17:00,-2.12751929873817,0.257227205508719,-5.95138519586252,0.347833103708889
1,20131217 18:00,-2.166042606621,0.100797773126065,-5.98765389333867,-0.0578106889254246
1,20131217 19:00,-2.20032182126251,0.0735926544508212,-6.04183305870427,-0.306142556789751
1,20131217 20:00,-2.36649439509609,0.141605451138932,-5.85780300114012,-0.18776401808324
1,20131217 21:00,-2.6560721416391,0.0791937082957245,-5.05810060987591,-0.277205580661493
1,20131217 22:00,-2.21697172551695,0.0499882132473005,-3.53347203078599,-0.150409012535852
1,20131217 23:00,-1.83304452153209,0.0479878368741209,-2.55332167553552,-0.100953089698465
1,20131218 0:00,-1.55424024244784,-0.016824357616902,-2.05809723839207,-0.226171277308019
1,20131218 1:00,-1.94596623289495,-0.0131052200516228,-2.550159780731,-0.243260995003559
1,20131218 2:00,-1.47658129343645,0.0114754090393476,-1.89593062808945,-0.216213426911141
1,20131218 3:00,-1.23791098523722,0.105631717082726,-1.58977868482649,-0.092485189892634
1,20131218 4:00,-0.949431221413794,0.184373054340242,-1.20855126503089,0.0157050824770368
1,20131218 5:00,-0.608720708984451,0.282278949872073,-0.751760865608292,0.188924614302947
1,20131218 6:00,-0.539886808503802,0.381851328732106,-0.656210259112209,0.306898049599662
1,20131218 7:00,-0.424702442372867,0.345605316343726,-0.582597291862676,0.241868790143424
1,20131218 8:00,-0.173233871270195,0.665153494526342,-0.249632678409488,1.00035165707548
1,20131218 9:00,0.00179102140924359,1.20467747203154,-0.818548789536677,1.641436568883
1,20131218 10:00,-0.520862363647342,1.54588993348077,-1.76381728951578,2.01204579976634
1,20131218 11:00,-2.17391367217509,1.48298018784117,-4.91991232245273,1.83192050587428
1,20131218 12:00,-2.31504046311029,0.552665869872748,-5.41716547870786,0.14231072035644
1,20131218 13:00,-2.41120038438476,-0.111427736415505,-4.71808604138448,-1.08461300672941
1,20131218 14:00,-2.3427123829015,-0.554712301717074,-3.87568069431697,-1.8695679615817
1,20131218 15:00,-2.1099223576579,-0.99549714202634,-3.10640081140463,-2.93938560166265
1,20131218 16:00,-1.90238295922378,-1.64584226085693,-2.65838546768064,-4.55706036565811
1,20131218 17:00,-1.711100813667,-2.24202667152098,-2.46874676397158,-6.00266655817201
1,20131218 18:00,-1.40498020097668,-2.5119969706896,-2.22597022297643,-7.12715481460998
1,20131218 19:00,-1.03452237477178,-2.73322263250834,-1.79452998446095,-7.95411982203135
1,20131218 20:00,-0.561332546341994,-2.85529253629909,-0.849261484481846,-8.393211193404
1,20131218 21:00,-0.0694641720531366,-3.13651159793307,0.0882069659873772,-8.25682239259755
1,20131218 22:00,0.198261651926875,-3.57313022992184,0.450421765102631,-7.53286833599624
1,20131218 23:00,0.512683840554563,-3.51730303842709,0.83554920965317,-5.54285790060091
1,20131219 0:00,1.25498308895392,-3.36065360557616,1.81786794480423,-4.9207638344753
1,20131219 1:00,2.30004440894261,-3.16299570603815,3.26384846533627,-4.56975938245949
1,20131219 2:00,4.01108996935403,-1.79617186078562,5.72441432826506,-2.60623038111785
1,20131219 3:00,3.84160166773554,-0.770832521265336,5.63902641942405,-1.22645324503994
1,20131219 4:00,3.70924353528604,-0.287173532601771,5.27482084906136,-0.559467860231424
1,20131219 5:00,3.32090564833027,0.434328749937557,4.9994884083087,0.469499542463116
1,20131219 6:00,2.65955181160245,0.959178476646644,4.49122704615982,1.41690926828827
1,20131219 7:00,1.75881759011449,1.14874445388841,3.45437386737608,2.04255720043696
1,20131219 8:00,0.852841462390902,1.72364314187861,1.81632010593624,3.44132722016939
1,20131219 9:00,0.244343513538947,3.04661878211494,0.0795184227074621,7.6638921479479
1,20131219 10:00,-0.440598901249184,2.33530345629655,-1.49580136489001,6.42432718237831
1,20131219 11:00,-1.87993898844745,1.86714635829528,-3.37491622952047,4.04574781176303
1,20131219 12:00,-2.49892074977066,0.74569529666877,-4.17535526613895,2.08445326732192
1,20131219 13:00,-2.23900956558766,0.847564863878129,-4.76203409559081,1.90234502992864
1,20131219 14:00,-1.45883918751904,1.90966582982614,-3.58112512502088,3.05532479060265
1,20131219 15:00,-2.02933331616272,1.63771837649333,-3.58228686527722,3.41898265116408
1,20131219 16:00,-1.87294978013329,1.22448226255276,-3.87156018910596,2.59726112599379
1,20131219 17:00,-1.59425509860598,1.43663670904529,-4.24622142177571,3.40501729553576
1,20131219 18:00,-1.8371300875232,1.13191382974077,-4.24505968151937,2.53916524657998
1,20131219 19:00,-1.79344753555967,1.17664785708054,-3.91280196820604,2.19282442699767
1,20131219 20:00,-1.31774454467684,1.67182253595038,-3.50851635899961,3.96251429221825
1,20131219 21:00,-1.48155411454007,2.54745790278908,-2.52626497226387,4.04239612641223
1,20131219 22:00,-1.69647227020063,2.98062501900975,-2.46933969970319,4.2652832022402
1,20131219 23:00,-2.17960129491726,2.84465129234334,-3.08854725633258,3.92005961110816
1,20131220 0:00,-2.33860578406451,2.97885337436263,-3.28778571029495,3.99100361770002
1,20131220 1:00,-1.05979626781182,3.58425691009792,-1.56878891178648,4.75463316587672
1,20131220 2:00,-0.676366418844293,5.18185722224525,-1.00626836400724,7.05043541167232
1,20131220 3:00,-1.87359760629553,5.62322495901322,-2.78433738672289,7.61511645121273
1,20131220 4:00,-1.69679871712629,6.43947234399759,-2.37991833709749,8.99126055618525
1,20131220 5:00,-2.71854713617134,5.44592338954233,-4.02623611135161,7.61572428871492
1,20131220 6:00,-2.87560421389488,5.49920816972906,-4.23646527737501,7.79807553937383
1,20131220 7:00,-3.13575741805705,5.47563083336325,-4.7640431027362,7.83576146451
1,20131220 8:00,-3.18840224857891,5.61285093101227,-4.9616699754285,8.21079720336514
1,20131220 9:00,-2.69397954859447,5.55579377700701,-4.47075336703052,8.75602744283527
1,20131220 10:00,-2.72951480919672,5.07434456841715,-4.85111349302382,8.51410811696112
1,20131220 11:00,-3.38757519071994,4.40286202871887,-5.88851136677964,7.56405810102823
1,20131220 12:00,-4.66114138242787,3.6592328397412,-7.69464913373275,6.00434707039241
1,20131220 13:00,-4.78090837186509,3.12968586496509,-8.07099943912069,5.01235626680798
1,20131220 14:00,-5.03579709297508,3.3654592286232,-8.35970652270597,5.26764801773044
1,20131220 15:00,-5.00991338463517,3.44562217226695,-8.44276709238824,5.63113484404386
1,20131220 16:00,-4.57647094667188,3.29331257934382,-7.77828253493007,5.2907458428139
1,20131220 17:00,-4.81161785633618,2.80196088948032,-8.39865906572938,4.71026102821639
1,20131220 18:00,-5.12660942562529,2.71189546456293,-8.84489481595344,4.43369496471705
1,20131220 19:00,-5.73465721815274,2.07672202286799,-9.8393303260805,3.71219184960999
1,20131220 20:00,-5.50872315382977,2.01494940158956,-9.58155614430793,3.21619644781777
1,20131220 21:00,-5.31174374629382,2.13142144323667,-9.14047587771932,3.26786263550446
1,20131220 22:00,-5.50477479154063,2.07106346214019,-8.26461649120764,3.11772677246197
1,20131220 23:00,-4.38563343603015,2.16348662069417,-6.86003361630469,2.90376797168885
1,20131221 0:00,-3.92367504820085,2.5133742923628,-5.94923150737495,3.78391667486916
1,20131221 1:00,-3.77970073003115,1.76049768444296,-5.36929503685297,2.31961545885567
1,20131221 2:00,-2.67692353520133,2.00101584639308,-3.80080128843889,2.50031061881051
1,20131221 3:00,-1.85045630298853,2.82160722245818,-2.76621051007322,3.84982131508449
1,20131221 4:00,-1.77115879143534,2.97629341288885,-2.60751584846897,4.25983724282254
1,20131221 5:00,-3.0039642039673,2.204748877692,-4.28488151589061,3.10903119088427
1,20131221 6:00,-2.6394911694992,1.72324094955265,-4.17723978805827,2.62877827406079
1,20131221 7:00,-3.82747624941413,0.939434704138737,-5.79678647024425,1.29127390070739
1,20131221 8:00,-4.1057563365418,-0.328237490610116,-6.40081033728057,-0.638142192630961
1,20131221 9:00,-3.48812230245668,-0.177795738331513,-6.17999102132738,-0.910685722928288
1,20131221 10:00,-3.29357250703114,-0.532442126148156,-6.80369794716732,-1.50619933978941
1,20131221 11:00,-2.45085174760558,-0.698446818317649,-5.66761639684545,-2.3220289822433
1,20131221 12:00,-1.87262020373322,-0.782392372880631,-3.95026951622894,-3.55207676545745
1,20131221 13:00,-1.5741463403715,-1.1455276370014,-2.29935295907468,-5.06487345345142
1,20131221 14:00,-0.55263678160551,-1.66476390427018,-0.0173483290291097,-5.47008685202124
1,20131221 15:00,0.0492362563945114,-2.22644455305957,1.48717547827317,-6.05299382981574
1,20131221 16:00,0.948598095500926,-2.35566411457787,3.4677832703882,-6.17425769131367
1,20131221 17:00,0.113265302990258,-2.07553119654185,1.82609314704813,-5.56673775153196
1,20131221 18:00,-0.011837603435278,-2.3221802136005,1.34508839753449,-6.32553736011307
1,20131221 19:00,-0.265983665307627,-2.13448172643158,0.648185096768547,-6.01397328032383
1,20131221 20:00,0.146264888543451,-2.80463135021809,1.01478206698611,-6.89643801498698
1,20131221 21:00,-0.1541790993289,-3.98034071833895,-0.0794729833780592,-7.90677008875439
1,20131221 22:00,0.343277339607288,-4.08362204670577,0.998789581708163,-7.6984603860822
1,20131221 23:00,1.49875536509669,-4.47646837789096,2.26404120542885,-6.6022831034326
1,20131222 0:00,2.69511347418184,-4.51042388310745,3.84606705677041,-6.40537940753497
1,20131222 1:00,5.0714966981201,-3.47908336693889,7.12867507258166,-4.90539476606743
1,20131222 2:00,5.87078588242777,-2.96438552680126,8.32924191919336,-4.26497863919539
1,20131222 3:00,6.32850215526455,-2.65106993750571,9.00354010421441,-3.78985146361614
1,20131222 4:00,6.05507239677216,-2.0527886874312,8.53679932927015,-2.99420198705089
1,20131222 5:00,5.8797859215004,-2.04790076872144,8.30711650999736,-2.99420198705089
1,20131222 6:00,6.0370723186269,-1.88366670007353,8.60001478411587,-2.74218347196189
1,20131222 7:00,5.73278528331406,-1.4989874976155,8.21861487321334,-2.18661148358615
1,20131222 8:00,5.52107007846259,-1.13190480251259,8.06584419066951,-1.7435365381055
1,20131222 9:00,5.07706815087935,-1.20522358315898,7.9894588493976,-1.9037976885985
1,20131222 10:00,4.56835165663099,-0.98624482496177,8.17120328207905,-1.72782466060619
1,20131222 11:00,4.85292432064187,-0.462259939275598,8.46252116982643,-0.722892975750071
1,20131222 12:00,4.71663801468485,-0.0228360472682587,8.17014969116495,0.0884683783144978
1,20131222 13:00,4.37635082308148,1.34969152643209,7.13605020898033,2.29001665351836
1,20131222 14:00,3.27448889661766,2.06723799302472,5.22905065446768,3.40995928166945
1,20131222 15:00,3.12705968514215,2.91382551355499,4.79971235697381,4.64114200251569
1,20131222 16:00,2.88663006991609,3.06192945046069,4.41778565061423,4.92961207340309
1,20131222 17:00,2.4194851847175,3.06535099355752,3.68975432897432,4.90007374370438
1,20131222 18:00,2.10491239046451,2.93142202091012,3.20615609940453,4.70461798761292
1,20131222 19:00,2.27291311982033,2.97199174620112,3.45849112333038,4.83408385820726
1,20131222 20:00,2.34619915226892,2.74079319122951,3.56911816931039,4.41803334202543
1,20131222 21:00,2.45119960811631,2.68213816671241,3.5448855782862,4.10379579203915
1,20131222 22:00,2.36934210988426,2.73052856193902,3.31520275901341,3.87880170624898
1,20131222 23:00,2.59048592709754,2.70364500903535,3.498527578066,3.70345715335664
1,20131223 0:00,2.87248715137338,3.16213178401075,3.9115352163914,4.41112011592573
1,20131223 1:00,2.95368146962577,3.60611435505995,4.01375624632651,5.02647095718466
1,20131223 2:00,3.23839431775094,3.85347954129233,4.35521834210209,5.31176400727079
1,20131223 3:00,3.19778277340532,3.96053445614429,4.40963886361632,5.5451325553985
1,20131223 4:00,3.22672929969422,3.93639015619895,4.36428842902113,5.47162146273827
1,20131223 5:00,3.00250173038168,4.04617838802585,4.14287160129165,5.62797838998383
1,20131223 6:00,2.72642963637259,3.72865806610325,3.72618113754051,5.12623601150926
1,20131223 7:00,2.83573517594113,3.354193640536,3.91078408306919,4.65599838703193
1,20131223 8:00,2.6218765115679,3.13325051839473,3.67122708150163,4.34795190350335
1,20131223 9:00,2.07318862519616,2.83121899266348,3.21505506292645,4.43779879453252
1,20131223 10:00,1.71157306543778,2.39616604081831,3.25987196299699,4.70500578213875
1,20131223 11:00,1.57677730122677,2.51962085751993,3.013379012609,4.90453589078794
1,20131223 12:00,1.20997728899874,2.24036697324654,2.4003478437869,4.47397091949231
1,20131223 13:00,0.780531809429053,1.70873682162003,1.85560909411993,4.03815515586382
1,20131223 14:00,0.895885876878859,2.10552333581599,1.44692164823853,3.16302310038491
1,20131223 15:00,1.06481261984842,0.397655779305486,1.38556517790386,1.58895224326352
1,20131223 16:00,1.39445738937727,-1.00681359298629,2.19333644822296,0.228997029049296
1,20131223 17:00,2.23174646322642,-0.813659193423623,3.39325559415933,0.235414664122808
1,20131223 18:00,2.01356742179514,-0.9002142309635,3.21825627007434,-0.00670520455968987
1,20131223 19:00,2.25637261245728,-0.170874151482753,3.34043567621904,0.794915758258989
1,20131223 20:00,1.58412194222545,-0.448305824439514,2.89173314098895,0.749408891374086
1,20131223 21:00,0.805589996365715,-0.401839435865476,1.53868958647822,-0.179397930174194
1,20131223 22:00,1.15251627412674,0.157123885510462,1.49760742808022,0.227246764938338
1,20131223 23:00,1.36248659914774,0.654587574950172,1.76277408683094,0.881262121066241
1,20131224 0:00,1.14473959542226,0.0992686762074921,1.47199777089705,0.0749737872850081
1,20131224 1:00,1.14204565815459,0.610975291188236,1.47718602191061,0.710232990238058
1,20131224 2:00,1.01322766892042,0.669165812209134,1.31535491304792,0.766822721761228
1,20131224 3:00,0.93348319939451,0.593699980260157,1.22067820990376,0.645475668598142
1,20131224 4:00,1.09910632840987,0.483683526455022,1.42764588654448,0.468122283205939
1,20131224 5:00,1.54339694433995,0.520052602093083,1.9951556594609,0.489708057085911
1,20131224 6:00,1.6108730339388,0.459589013844806,2.08157567337737,0.407448756624396
1,20131224 7:00,1.42509470932898,0.401853106269384,1.84048034792888,0.325772855456934
1,20131224 8:00,1.31599375926331,0.809641366861145,1.74800542857878,0.920840135391298
1,20131224 9:00,0.670589343814577,0.990577518160499,1.63956757672181,2.18214940913453
1,20131224 10:00,0.159698951137575,2.03846150998214,0.511153382271105,2.52402139544976
1,20131224 11:00,-1.53027038381543,1.99527323266194,-2.23226922511538,3.51930059110469
1,20131224 12:00,-1.69545535640482,1.31471690478472,-4.12195016635892,2.76438190459972
1,20131224 13:00,-2.16910245287466,0.631887509680121,-4.14341755835091,1.11452870101699
1,20131224 14:00,-2.34042161542758,-0.203692003104334,-3.9936962603555,-0.248875449185565
1,20131224 15:00,-2.04992390501176,-0.731952826747173,-3.19554963501232,-1.41975783235054
1,20131224 16:00,-2.0258253015836,-0.915616658719381,-1.8469570611566,-2.31235875225208
1,20131224 17:00,-2.07971854197748,-1.18474781844103,-1.07468139539351,-2.88584025830648
1,20131224 18:00,-1.69238826142305,-2.11125002032064,-0.423503838303183,-4.06955742594062
1,20131224 19:00,-1.2332003270101,-2.51130985233932,0.269507610874101,-4.50360650071627
1,20131224 20:00,-0.713546805813768,-1.9639552639865,0.164372434708207,-5.30111333568713
1,20131224 21:00,-0.52513954264815,-2.93137267595892,-0.0145224985583676,-6.03269605042997
1,20131224 22:00,-0.0624463568274682,-2.93500958352273,0.101621596577778,-4.72996542680895
1,20131224 23:00,1.13240621678333,-3.62238511308208,1.64397114430991,-5.10509117288522
1,20131225 0:00,1.765542252305,-3.7064886004951,2.43276018852837,-5.09575678418037
1,20131225 1:00,1.87752388341252,-3.79177312424707,2.56974006617789,-5.18312900295179
1,20131225 2:00,1.68287354769475,-3.80274920013669,2.3010719872921,-5.17641735072539
1,20131225 3:00,1.80728050139263,-3.50808377817691,2.42416895879681,-4.77681590278424
1,20131225 4:00,2.10010231077674,-3.0500436881678,2.85526374697098,-4.13146472716869
1,20131225 5:00,1.82759184077187,-2.71485121676943,2.45124007701153,-3.70088642279799
1,20131225 6:00,2.20504423090284,-2.23021525056625,3.02126588696696,-3.0653445850518
1,20131225 7:00,2.17923190377504,-1.71729478110904,3.14231975521018,-2.5258310022372
1,20131225 8:00,1.20936544841611,-1.04311042742744,2.55237368845524,-1.86705652216885
1,20131225 9:00,1.27072261945758,-1.04268827066245,2.07020131874384,-1.14942601488436
1,20131225 10:00,1.4759517777687,1.7258157941115,2.16827027529531,3.09491959690398
1,20131225 11:00,0.47054047849609,2.86859415692685,1.3423457818384,7.01555705900357
1,20131225 12:00,-0.0558617337493339,2.58237187026678,0.954666937970868,4.57922730081975
1,20131225 13:00,-1.91604189856516,0.828732668517621,-1.0552358955189,2.83677912665776
1,20131225 14:00,-2.21182577827541,-0.394255479644947,-2.31991681438057,1.06387037700673
1,20131225 15:00,-2.26895142027953,-0.468555070282369,-2.50788231443755,0.10152270392882
1,20131225 16:00,-0.10706323510118,1.73383677264622,-0.53577689128533,2.95294233826856
1,20131225 17:00,-2.12127105687627,-0.350773332851456,-5.34422041719961,0.0628016333918875
1,20131225 18:00,-2.12211736268374,-0.84005302346948,-3.95337787194099,-1.57587407173111
1,20131225 19:00,-1.39556382697201,-1.2487007719753,-2.13501596921582,-2.50259835991504
1,20131225 20:00,1.36423941118285,0.782295424369232,2.55084136100912,1.34214580393215
1,20131225 21:00,1.56227497013049,1.0512092836649,2.9303477918307,2.34786107601142
1,20131225 22:00,1.77046619876775,1.68571090143789,2.49005903897982,2.43098230743071
1,20131225 23:00,1.24787236265593,2.64020734706977,1.67435006183036,3.54666541983487
1,20131226 0:00,1.05872301468672,2.14164020762207,1.393934139191,2.78050450414409
1,20131226 1:00,3.1482695294924,3.57527930203954,4.2251227955142,4.85434426371171
1,20131226 2:00,2.58572159848456,4.20998536300374,3.44666765505025,5.70367897902422
1,20131226 3:00,2.01444004663003,4.35503463748901,2.62963200402773,5.87492043544933
1,20131226 4:00,2.01392630422728,4.1873502851382,2.62838747142907,5.62979888578396
1,20131226 5:00,2.32782291230563,4.17118237237711,3.05837348426727,5.65900729473941
1,20131226 6:00,2.09355637665305,4.24278312889054,2.77088645397603,5.767822935946
1,20131226 7:00,1.74061534596594,4.34302418800934,2.30978712617124,5.96140023451352
1,20131226 8:00,1.45240585802494,4.52271898983981,1.97002972673613,6.38005409620836
1,20131226 9:00,0.757826129511155,4.35503463748901,1.03849707663659,6.51063286565627
1,20131226 10:00,0.0396142504710137,3.48196734838978,-0.0286896267172716,6.34340040653877
1,20131226 11:00,-0.490054166761022,3.30550612911152,-1.01933757525333,6.19334936445389
1,20131226 12:00,-0.625682161086199,3.27640388614155,-1.24210891041408,5.9081378417124
1,20131226 13:00,-0.965779631704635,3.01633146087019,-1.87744280203174,5.7139878292438
1,20131226 14:00,-0.774153715480048,2.43151495928308,-1.81334937320057,5.10118395508035
1,20131226 15:00,-0.531153558980772,2.66387096267828,-1.2856675513673,5.32396966260332
1,20131226 16:00,-0.640580690765858,2.59735155017548,-1.31989219783054,5.11664723040971
1,20131226 17:00,-0.808060714061342,2.85696203508223,-1.68454024923891,5.35375078545986
1,20131226 18:00,-0.475669379484109,2.95581727310722,-1.00751451556603,5.20656331288042
1,20131226 19:00,-0.141736817698636,2.20562612099233,-0.452452976562156,5.157882631288
1,20131226 20:00,-0.882039620056893,3.46533749526408,-1.4742142400648,5.27242541150546
1,20131226 21:00,-1.92236798561933,3.6029957239157,-2.84320009859453,5.14070121425538
1,20131226 22:00,-2.15920323328564,3.02603220852685,-3.0193014613054,4.14876073757212
1,20131226 23:00,-2.11091144742743,2.60566647673833,-2.86871301686713,3.49013975132169
1,20131227 0:00,-1.94343142413195,2.3349694230811,-2.60798343744715,3.0600316116051
1,20131227 1:00,-1.52364732985832,2.54330033790153,-2.04091091262822,3.31054406437264
1,20131227 2:00,-1.58562479124962,2.62118304100128,-2.13584391935759,3.40150864161807
1,20131227 3:00,-1.67404019071693,2.49872891142879,-2.26737760338021,3.22355918738169
1,20131227 4:00,-1.67880768774703,2.18297554283764,-2.27366834478998,2.78351804495691
1,20131227 5:00,-1.45473532733234,2.05676802998323,-1.97514407061691,2.60784270515167
1,20131227 6:00,-1.70004471997202,1.84564022037549,-2.2828185141133,2.33494897341537
1,20131227 7:00,-2.11655059687438,1.38256655796916,-2.88043894804215,1.71013603346079
1,20131227 8:00,-2.13778762909937,1.07666582049305,-3.04171068236554,1.35594271081139
1,20131227 9:00,-1.69180995237457,0.799853803451776,-4.18605373336233,1.62997349976325
1,20131227 10:00,-2.20539940516261,1.42479211989071,-4.22894515206536,1.7948467960206
1,20131227 11:00,-2.14125489966672,1.21835603938536,-4.90434202524237,2.01316178140964
1,20131227 12:00,-1.98782817706169,0.612184639356,-5.6700968204871,1.14388154010797
1,20131227 13:00,-2.13432035853203,0.299246308226294,-5.42189847759224,-0.0301300349659086
1,20131227 14:00,-2.22620302856668,-0.0155687145443704,-4.44111470324967,-1.24223302676131
1,20131227 15:00,-2.12001786744173,-0.71088296751922,-3.90926111133212,-3.32304773125061
1,20131227 16:00,-1.85520507786073,-1.28374309092158,-2.90445814251585,-4.90583137532115
1,20131227 17:00,-1.62549840277409,-1.831267877171,-2.37203266501559,-6.03947741924237
1,20131227 18:00,-1.13054552928554,-2.40365882766312,-1.82416627678225,-7.5091238703639
1,20131227 19:00,-0.934644742230531,-2.56974603788788,-1.50962920629338,-7.81328667552832
1,20131227 20:00,-0.793353466611208,-2.97745729688595,-1.20652984745864,-8.49040424739902
1,20131227 21:00,-0.525940224104696,-3.88906026148118,-0.759887207364446,-8.71497304747368
1,20131227 22:00,-0.683267626097992,-4.55153241073927,-0.945178136161527,-7.91732741075278
1,20131227 23:00,0.099902113301142,-5.40730379901601,0.241484447955584,-8.07935806397121
1,20131228 0:00,0.566683413430012,-5.78170378138708,0.907731151809287,-8.42218081446494
1,20131228 1:00,2.33386599798713,-6.13516619402917,3.2643311098476,-9.10521763711683
1,20131228 2:00,6.45776043022928,-3.77738767501689,9.38612156398326,-5.66858174128434
1,20131228 3:00,7.31327258929895,4.66383027750258,10.4496749995049,6.52333581733014
1,20131228 4:00,5.62338289989628,5.9204563363349,8.01332840672028,8.44410698173695
1,20131228 5:00,5.10030083866378,6.23996171338194,7.27230911088401,8.94979277727156
1,20131228 6:00,4.3883280330973,6.66596888277799,6.26193334713846,9.59263391829315
1,20131228 7:00,3.48790478796222,6.86185610799135,5.01399211491498,9.98978809261632
1,20131228 8:00,3.12553396608145,6.45581802466074,4.57585434093379,9.56758815955205
1,20131228 9:00,2.91594889777617,5.76450728325242,4.42961574354957,8.89850860461121
1,20131228 10:00,2.48577114203193,4.95433293431172,4.09667727677758,8.34690558471791
1,20131228 11:00,2.11811666296699,4.67809391040647,3.6082519218777,8.18351182531168
1,20131228 12:00,1.8777102610874,4.20073766255643,3.26375309167613,7.51264328760362
1,20131228 13:00,1.54880260137302,3.55126691099951,2.87301280775622,6.88948095702147
1,20131228 14:00,1.42859940043323,3.54936509327899,2.67706464762479,7.01292076795975
1,20131228 15:00,1.15208800779517,3.30117788075138,2.22910056472845,6.77856402545374
1,20131228 16:00,0.954391168154261,2.99355886445758,1.89847417064238,6.57044569686697
1,20131228 17:00,0.933696844182941,2.62555713553734,1.88806984355575,6.15599802246066
1,20131228 18:00,0.872494481799676,2.5927507798584,1.73951917348561,5.74930260671231
1,20131228 19:00,0.8130533384778,2.06594727127489,1.7065721377113,5.08081937936054
1,20131228 20:00,0.983451282667178,1.61759374366276,2.08575205820162,4.30857515150993
1,20131228 21:00,1.47571201032538,3.59168053756052,1.98806698722165,5.19412162128457
1,20131228 22:00,1.4721895722026,3.50086874140578,1.95801004230473,4.83036179194953
1,20131228 23:00,1.3779643524183,3.61164962362596,1.80656928137719,4.90549906817283
1,20131229 0:00,1.19611848432989,3.61640416792725,1.55339732226933,4.85719653345785
1,20131229 1:00,0.812229397484888,3.62230938074999,1.02479035888575,4.81591976507699
1,20131229 2:00,0.704569790642103,3.72805538353285,0.863671862342165,4.94776380479944
1,20131229 3:00,0.710366846395176,3.61425254244273,0.874967993096142,4.76511157415956
1,20131229 4:00,0.777861138377384,3.50649233008305,0.976633169881944,4.6036830182067
1,20131229 5:00,0.745563256324548,3.53015929261064,0.93739397884181,4.63584010106583
1,20131229 6:00,0.658607420028452,3.6348981906051,0.822054538511719,4.80112750696179
1,20131229 7:00,0.352605691348381,3.6354017429993,0.424906362529756,4.84743370627894
1,20131229 8:00,-0.123166955814545,3.59360689428036,-0.2320528207937,4.91882243022622
1,20131229 9:00,-0.572024701266774,2.90927919055698,-1.02932183874552,4.89052419731018
1,20131229 10:00,-0.801836554335028,2.18214953332626,-2.04537907340596,5.14456515189735
1,20131229 11:00,-1.18402815862692,1.93742306974307,-3.13456389136847,4.79019409878968
1,20131229 12:00,-1.39810514607969,1.65795149095979,-3.71958455778501,4.08145199257435
1,20131229 13:00,-1.6175651138746,1.66953319602648,-3.60365058425734,3.3694941780731
1,20131229 14:00,-1.9815374000854,1.73549855966722,-3.33729971174249,2.64017153882792
1,20131229 15:00,-2.1297763971997,1.35783426401414,-3.2005570762996,1.97966505690129
1,20131229 16:00,-2.23329524993314,0.650846702551584,-3.21244774025116,1.06511762038749
1,20131229 17:00,-2.23246709911128,0.834139774041878,-3.2326618689688,1.02459969598498
1,20131229 18:00,-2.37035421095223,0.750046524209793,-3.45620635125805,1.05804306215848
1,20131229 19:00,-2.41590250615495,0.275700168869528,-3.52517220217707,0.58404766081483
1,20131229 20:00,-1.96373215741525,-0.164908176059061,-3.34205597732311,-0.167141794774562
1,20131229 21:00,-1.21466973903602,-0.0903824217168542,-2.1512059825748,-0.169714361403293
1,20131229 22:00,-0.742623770571496,0.342672637298674,-0.972246651778048,0.449631054463646
1,20131229 23:00,0.328175242103287,0.638257892696482,0.476630750719024,0.793068699399208
1,20131230 0:00,1.53272061250968,1.03203586496409,2.03014599598979,1.28057007554369
1,20131230 1:00,1.34528992264208,1.99189478140305,1.76993887222879,2.55680175211254
1,20131230 2:00,1.63225552395895,2.27049050476569,2.1431729283517,2.9272902809753
1,20131230 3:00,1.73061794705184,2.34749367053983,2.27104015128269,3.02785971002697
1,20131230 4:00,1.88673445342863,2.38902346781128,2.48472816798269,3.08739218814376
1,20131230 5:00,2.03969253337584,2.38772566164655,2.7082078188711,3.09548398128585
1,20131230 6:00,2.13534773381479,2.44958775549881,2.85853820258727,3.20356721825517
1,20131230 7:00,2.25807516079308,2.45564418426756,3.07798600410398,3.24749409531222
1,20131230 8:00,1.91606269884624,2.84585123779722,2.7341268505463,3.94685621687842
1,20131230 9:00,0.774517146437924,3.30224640572824,1.24119062605468,5.91258396518142
1,20131230 10:00,0.173964921040506,2.90728072959457,0.186574026114803,6.28133853837087
1,20131230 11:00,-0.15045059365577,2.46343102125596,-0.444698389796778,5.64902270283912
1,20131230 12:00,-0.519535282141937,2.02520513963119,-1.27122751099488,4.67858551101297
1,20131230 13:00,-1.00096971076631,1.88763768616952,-1.96182571051859,3.67982704318951
1,20131230 14:00,-1.36057911996372,1.91489161562891,-2.46580688198084,3.52088110646991
1,20131230 15:00,-1.81719734092704,1.82966901081146,-2.700230124021,2.98393283296992
1,20131230 16:00,-1.94804643586713,1.40225818055946,-2.68698261894256,2.36780058372234
1,20131230 17:00,-1.91059652248772,0.90822663385119,-2.51994885925793,1.86090754189296
1,20131230 18:00,-1.80727085786262,0.821706222869005,-2.28667757418111,1.81640267961147
1,20131230 19:00,-1.96564338311769,0.817380202319896,-2.39899337810699,1.96552286751567
1,20131230 20:00,-1.75718723876486,0.444909833041591,-2.90815835590429,1.64705300885205
1,20131230 21:00,-1.65386157413977,0.388671565903171,-2.75034025192639,0.856369221825144
1,20131230 22:00,-2.00038607384316,0.579016470063978,-2.70483795187437,0.80608450729931
1,20131230 23:00,-1.47653849030717,0.494226467301436,-1.94569831303179,0.603789678747104
1,20131231 0:00,-0.70904086791723,0.39299758645228,-0.918152701730463,0.428082170518902
1,20131231 1:00,0.157655076501956,0.797832522746555,0.23622487060769,0.959765938031847
1,20131231 2:00,0.393351890293054,0.95040152819563,0.535795932581349,1.14356690840859
1,20131231 3:00,0.324802617756201,0.820906230360767,0.446601263205208,0.967920929891566
1,20131231 4:00,0.389126250205166,0.490340051887771,0.541947289090048,0.520650991739283
1,20131231 5:00,0.879300500400197,0.199328800753424,1.1423196843391,0.0771448959837921
1,20131231 6:00,1.24740070361179,-0.235775399971716,1.5741449112498,-0.476767243410971
1,20131231 7:00,1.579817723859,-0.651102137027531,2.03303610679877,-0.982376738713552
1,20131231 8:00,1.52676246497773,-0.948705876051653,2.22372815856845,-1.54318925583577
1,20131231 9:00,0.913105621103303,-1.10410023345349,2.188050290818,-2.27964775147501
1,20131231 10:00,0.100843693098126,-2.5078292619834,1.24504733803438,-3.70928055519038
1,20131231 11:00,-0.908145256776513,-2.60718747232215,-0.183912778936476,-4.73053645885366
1,20131231 12:00,-1.3635753551378,-2.44049170710928,-1.52060254827685,-5.62758556342275
1,20131231 13:00,-0.914248959125684,-2.57092878892839,-1.44063491366375,-6.79061286403192
1,20131231 14:00,-0.9842067783585,-2.72914849828299,-1.79433791291397,-8.04083584683346
1,20131231 15:00,-1.0133167434084,-2.94481703067705,-2.09513924618936,-8.70891787226429
1,20131231 16:00,-0.696393736816781,-3.25278039352796,-1.57657989250601,-9.24714733500575
1,20131231 17:00,-0.20105481540322,-3.82868129989901,-0.265725820502177,-9.87947285766704
1,20131231 18:00,0.000367362119451098,-4.23553198109654,0.244836769719869,-9.95537701266904
1,20131231 19:00,-1.52743628743479,-5.10997841047596,-2.51158608182831,-10.9026106825287
1,20131231 20:00,-0.271951665766677,-5.0859629188775,-0.550533626854957,-10.6435328642161
1,20131231 21:00,-0.894998820947527,-5.21592910870449,-1.58642206291993,-10.6937174295067
1,20131231 22:00,0.2416983626944,-5.53472298737431,0.172865898568087,-10.8417618971139
1,20131231 23:00,1.03705773034802,-3.37238695952816,1.34777499172966,-7.74474691161904
1,20140101 0:00,1.05724689965682,-3.5400245087253,2.47224296151991,-7.43736644921425
